Cenário,Acurácia_Padrão,Acurácia_Robusta
hq,0.5205992460250854,0.5355805158615112
q60,0.5393258333206177,0.5318351984024048
q30,0.516853928565979,0.5056179761886597
q10,0.5018726587295532,0.5056179761886597
